[
  {
    "name": "Brown Stone",
    "type": "toggle",
    "img": "images/stones/brownstone.png",
    "codes": "brownstone"
  },
  {
    "name": "Green Stone",
    "type": "toggle",
    "img": "images/stones/greenstone.png",
    "codes": "greenstone"
  },
  {
    "name": "Blue Stone",
    "type": "toggle",
    "img": "images/stones/bluestone.png",
    "codes": "bluestone"
  },
  {
    "name": "Silver Stone",
    "type": "toggle",
    "img": "images/stones/silverstone.png",
    "codes": "silverstone"
  },
  {
    "name": "Purple Stone",
    "type": "toggle",
    "img": "images/stones/purplestone.png",
    "codes": "purplestone"
  },
  {
    "name": "Black Stone",
    "type": "toggle",
    "img": "images/stones/blackstone.png",
    "codes": "blackstone"
  }
]
