{
  "shared_item_grid": {
    "type": "itemgrid",
    "h_alignment": "center",
    "item_margin": "1,2",
    "rows": [
      [
        "zantetsu",
        "spirit",
        "soulblade",
        "icearmor",
        "bubblearmor",
        "soularmor",
        "phoenix",
        "dreamrod"
      ],
      [
        "brownstone",
        "greenstone",
        "bluestone",
        "silverstone",
        "purplestone",
        "blackstone",
        "pass",
        "redhotball"
      ],
      [
        "leobrush",
        "seeds",
        "greenleaves",
        "moleribbon",
        "thunderring",
        "mermaidtears",
        "bigpearl",
        "redhotmirror"
      ],
      [
        "mushroomshoes",
        "doorkey",
        "actleaves",
        "harpstring",
        "platinumcard",
        "vipcard",
        "mobilekey",
        "redhotrod"
      ],
      [
        "emblema",
        "emblemb",
        "emblemc",
        "emblemd",
        "embleme",
        "emblemf",
        "emblemg",
        "emblemh"
      ],
      [
        "",
        "chief",
        "guardian",
        "mermaid",
        "nome",
        "marie",
        "king",
        ""
      ]
    ]
  },
  "tracker_capture_item": {
    "type": "container",
    "content": {
      "type": "layout",
      "key": "shared_item_grid"
    }
  },
  "tracker_default": {
    "type": "container",
    "background": "#212121",
    "width": 300,
    "height": 240,
    "content": {
      "dropshadow": true,
      "margin": 5,
      "type": "layout",
      "key": "shared_item_grid"
    }
  }
}
