{
  "tracker_broadcast": {
    "type": "array",
    "dropshadow": true,
    "margin": "10",
    "content": [
      {
        "type": "array",
        "orientation": "vertical",
        "content": [
          {
            "type": "itemgrid",
            "h_alignment": "center",
            "item_margin": "1,2",
            "rows": [
              [
                "lifesword",
                "psychosword",
                "criticalsword",
                "luckyblade",
                "zantetsu",
                "spirit",
                "recoverysword",
                "soulblade"
              ],
              [
                "ironarmor",
                "icearmor",
                "bubblearmor",
                "magicarmor",
                "mysticarmor",
                "lightarmor",
                "elementalmail",
                "soularmor"
              ],
              [
                "flameball",
                "lightarrow",
                "magicflare",
                "rotator",
                "sparkbomb",
                "flamepillar",
                "tornado",
                "phoenix"
              ],
              [
                "brownstone",
                "greenstone",
                "bluestone",
                "silverstone",
                "purplestone",
                "blackstone",
                "pass",
                "redhotball"
              ],
              [
                "leobrush",
                "seeds",
                "greenleaves",
                "moleribbon",
                "thunderring",
                "mermaidtears",
                "bigpearl",
                "redhotmirror"
              ],
              [
                "mushroomshoes",
                "doorkey",
                "actleaves",
                "harpstring",
                "platinumcard",
                "vipcard",
                "mobilekey",
                "redhotrod"
              ],
              [
                "medicalherb",
                "chief",
                "guardian",
                "mermaid",
                "nome",
                "marie",
                "king",
                "dreamrod"
              ],
              [
                "emblema",
                "emblemb",
                "emblemc",
                "emblemd",
                "embleme",
                "emblemf",
                "emblemg",
                "emblemh"
              ]
            ]
          }
        ]
      }
    ]
  }
}
